TÊN TÀI KHOẢN,EMAIL,MẬT KHẨU
Ms.Tue,tue688i3@gmail.com,TranDinhTue3#
Khách VIP,tue1403@gmail.vip,TueVIP3#
Ông Thọ,ongtho@vinamilk.sua,OngTho123@
Cô Gái Hà Lan,cogaihalan@vinamilk.sua,CoGaiHaLan123@
Phạm Nhật Vượng,phamvuong@vingroup.com,PhamNhatVuong123@
Sếp Kiên,kennguyen@gmail.com,KienNguyen98@
Hưng Hydra,hydra@gmail.com,HungHydra@2
hung123,hung@gmail.com,Hungtran123@
hungtran1,hungtran@gmail.com,Hungtran1@
anhnam,anhnam1@gmail.com,Anhnam1@
hung,hungg@gmail.com,A111111@a
